date,instrument,weight
2024-01-05,6B_FRONT_CALENDAR,-0.33589408
2024-01-05,6E_FRONT_CALENDAR,-0.73490779
2024-01-05,6J_FRONT_CALENDAR,-0.36047713
2024-01-05,CL_FRONT_VOLUME,-0.24799720
2024-01-05,ES_FRONT_CALENDAR_2D,0.12310877
2024-01-05,GC_FRONT_VOLUME,-0.21637422
2024-01-05,NQ_FRONT_CALENDAR_2D,-0.01312438
2024-01-05,RTY_FRONT_CALENDAR_2D,0.04788368
2024-01-05,SR3_FRONT_CALENDAR,-0.69463236
2024-01-05,UB_FRONT_VOLUME,0.18063437
2024-01-05,ZF_FRONT_VOLUME,1.12891794
2024-01-05,ZN_FRONT_VOLUME,0.55805779
2024-01-05,ZT_FRONT_VOLUME,1.50000000
2024-01-12,6B_FRONT_CALENDAR,-0.23367738
2024-01-12,6E_FRONT_CALENDAR,-0.50709108
2024-01-12,6J_FRONT_CALENDAR,-0.26703914
2024-01-12,CL_FRONT_VOLUME,-0.18020360
2024-01-12,ES_FRONT_CALENDAR_2D,0.10866261
2024-01-12,GC_FRONT_VOLUME,-0.16514106
2024-01-12,NQ_FRONT_CALENDAR_2D,0.01935692
2024-01-12,RTY_FRONT_CALENDAR_2D,0.02534188
2024-01-12,SR3_FRONT_CALENDAR,-0.53733886
2024-01-12,UB_FRONT_VOLUME,0.12288813
2024-01-12,ZF_FRONT_VOLUME,0.82503395
2024-01-12,ZN_FRONT_VOLUME,0.41158800
2024-01-12,ZT_FRONT_VOLUME,1.06785782
2024-01-19,6B_FRONT_CALENDAR,-0.23920784
2024-01-19,6E_FRONT_CALENDAR,-0.48833267
2024-01-19,6J_FRONT_CALENDAR,-0.30185175
2024-01-19,CL_FRONT_VOLUME,-0.18159712
2024-01-19,ES_FRONT_CALENDAR_2D,0.15039684
2024-01-19,GC_FRONT_VOLUME,-0.17499963
2024-01-19,NQ_FRONT_CALENDAR_2D,0.06583982
2024-01-19,RTY_FRONT_CALENDAR_2D,0.03631296
2024-01-19,SR3_FRONT_CALENDAR,-0.52519885
2024-01-19,UB_FRONT_VOLUME,0.10369516
2024-01-19,ZF_FRONT_VOLUME,0.78123758
2024-01-19,ZN_FRONT_VOLUME,0.39504539
2024-01-19,ZT_FRONT_VOLUME,1.04380072
2024-01-26,6B_FRONT_CALENDAR,-0.24878084
2024-01-26,6E_FRONT_CALENDAR,-0.50965214
2024-01-26,6J_FRONT_CALENDAR,-0.32833915
2024-01-26,CL_FRONT_VOLUME,-0.17325081
2024-01-26,ES_FRONT_CALENDAR_2D,0.22451558
2024-01-26,GC_FRONT_VOLUME,-0.19890493
2024-01-26,NQ_FRONT_CALENDAR_2D,0.12187394
2024-01-26,RTY_FRONT_CALENDAR_2D,0.07426273
2024-01-26,SR3_FRONT_CALENDAR,-0.50252225
2024-01-26,UB_FRONT_VOLUME,0.07478816
2024-01-26,ZF_FRONT_VOLUME,0.68496075
2024-01-26,ZN_FRONT_VOLUME,0.34150960
2024-01-26,ZT_FRONT_VOLUME,0.93730928
2024-02-02,6B_FRONT_CALENDAR,-0.28377843
2024-02-02,6E_FRONT_CALENDAR,-0.52009335
2024-02-02,6J_FRONT_CALENDAR,-0.32884851
2024-02-02,CL_FRONT_VOLUME,-0.16663072
2024-02-02,ES_FRONT_CALENDAR_2D,0.26626308
2024-02-02,GC_FRONT_VOLUME,-0.20605709
2024-02-02,NQ_FRONT_CALENDAR_2D,0.15273845
2024-02-02,RTY_FRONT_CALENDAR_2D,0.11502557
2024-02-02,SR3_FRONT_CALENDAR,-0.41994597
2024-02-02,UB_FRONT_VOLUME,0.06240053
2024-02-02,ZF_FRONT_VOLUME,0.58086038
2024-02-02,ZN_FRONT_VOLUME,0.28675984
2024-02-02,ZT_FRONT_VOLUME,0.78802925
2024-02-09,6B_FRONT_CALENDAR,-0.28567056
2024-02-09,6E_FRONT_CALENDAR,-0.56331454
2024-02-09,6J_FRONT_CALENDAR,-0.33945251
2024-02-09,CL_FRONT_VOLUME,-0.15540985
2024-02-09,ES_FRONT_CALENDAR_2D,0.31383645
2024-02-09,GC_FRONT_VOLUME,-0.22276631
2024-02-09,NQ_FRONT_CALENDAR_2D,0.18784509
2024-02-09,RTY_FRONT_CALENDAR_2D,0.12434120
2024-02-09,SR3_FRONT_CALENDAR,-0.32443282
2024-02-09,UB_FRONT_VOLUME,0.05241475
2024-02-09,ZF_FRONT_VOLUME,0.49794596
2024-02-09,ZN_FRONT_VOLUME,0.23771733
2024-02-09,ZT_FRONT_VOLUME,0.68278705
2024-02-16,6B_FRONT_CALENDAR,-0.32221471
2024-02-16,6E_FRONT_CALENDAR,-0.62750240
2024-02-16,6J_FRONT_CALENDAR,-0.37368496
2024-02-16,CL_FRONT_VOLUME,-0.13438825
2024-02-16,ES_FRONT_CALENDAR_2D,0.37162338
2024-02-16,GC_FRONT_VOLUME,-0.24541225
2024-02-16,NQ_FRONT_CALENDAR_2D,0.22062972
2024-02-16,RTY_FRONT_CALENDAR_2D,0.15153523
2024-02-16,SR3_FRONT_CALENDAR,-0.31048333
2024-02-16,UB_FRONT_VOLUME,0.04171932
2024-02-16,ZF_FRONT_VOLUME,0.43510538
2024-02-16,ZN_FRONT_VOLUME,0.19803296
2024-02-16,ZT_FRONT_VOLUME,0.60609275
2024-02-23,6B_FRONT_CALENDAR,-0.29797239
2024-02-23,6E_FRONT_CALENDAR,-0.63427603
2024-02-23,6J_FRONT_CALENDAR,-0.41173465
2024-02-23,CL_FRONT_VOLUME,-0.12115401
2024-02-23,ES_FRONT_CALENDAR_2D,0.38894447
2024-02-23,GC_FRONT_VOLUME,-0.24867644
2024-02-23,NQ_FRONT_CALENDAR_2D,0.22924502
2024-02-23,RTY_FRONT_CALENDAR_2D,0.16681293
2024-02-23,SR3_FRONT_CALENDAR,-0.18931357
2024-02-23,UB_FRONT_VOLUME,0.03332355
2024-02-23,ZF_FRONT_VOLUME,0.34522242
2024-02-23,ZN_FRONT_VOLUME,0.14370869
2024-02-23,ZT_FRONT_VOLUME,0.50609515
2024-03-01,6B_FRONT_CALENDAR,-0.30948211
2024-03-01,6E_FRONT_CALENDAR,-0.73354533
2024-03-01,6J_FRONT_CALENDAR,-0.54257145
2024-03-01,CL_FRONT_VOLUME,-0.12350881
2024-03-01,ES_FRONT_CALENDAR_2D,0.44409146
2024-03-01,GC_FRONT_VOLUME,-0.23191666
2024-03-01,NQ_FRONT_CALENDAR_2D,0.26194532
2024-03-01,RTY_FRONT_CALENDAR_2D,0.18773673
2024-03-01,SR3_FRONT_CALENDAR,-0.09154678
2024-03-01,UB_FRONT_VOLUME,0.03762021
2024-03-01,ZF_FRONT_VOLUME,0.30057910
2024-03-01,ZN_FRONT_VOLUME,0.10768453
2024-03-01,ZT_FRONT_VOLUME,0.52966827
2024-03-08,6B_FRONT_CALENDAR,-0.27817703
2024-03-08,6E_FRONT_CALENDAR,-0.84269462
2024-03-08,6J_FRONT_CALENDAR,-0.63899551
2024-03-08,CL_FRONT_VOLUME,-0.12248455
2024-03-08,ES_FRONT_CALENDAR_2D,0.46414475
2024-03-08,GC_FRONT_VOLUME,-0.17257657
2024-03-08,NQ_FRONT_CALENDAR_2D,0.25262789
2024-03-08,RTY_FRONT_CALENDAR_2D,0.21477709
2024-03-08,SR3_FRONT_CALENDAR,-0.02814110
2024-03-08,UB_FRONT_VOLUME,0.03744495
2024-03-08,ZF_FRONT_VOLUME,0.25669811
2024-03-08,ZN_FRONT_VOLUME,0.06834525
2024-03-08,ZT_FRONT_VOLUME,0.55368510
2024-03-15,6B_FRONT_CALENDAR,-0.25274428
2024-03-15,6E_FRONT_CALENDAR,-0.90476413
2024-03-15,6J_FRONT_CALENDAR,-0.69214795
2024-03-15,CL_FRONT_VOLUME,-0.11111596
2024-03-15,ES_FRONT_CALENDAR_2D,0.47164270
2024-03-15,GC_FRONT_VOLUME,-0.09070156
2024-03-15,NQ_FRONT_CALENDAR_2D,0.22822634
2024-03-15,RTY_FRONT_CALENDAR_2D,0.25643704
2024-03-15,SR3_FRONT_CALENDAR,-0.03516993
2024-03-15,UB_FRONT_VOLUME,0.02796432
2024-03-15,ZF_FRONT_VOLUME,0.17091448
2024-03-15,ZN_FRONT_VOLUME,0.00874786
2024-03-15,ZT_FRONT_VOLUME,0.51651629
2024-03-22,6B_FRONT_CALENDAR,-0.16806043
2024-03-22,6E_FRONT_CALENDAR,-0.49775648
2024-03-22,6J_FRONT_CALENDAR,-0.39225067
2024-03-22,CL_FRONT_VOLUME,-0.02821870
2024-03-22,ES_FRONT_CALENDAR_2D,0.25576687
2024-03-22,GC_FRONT_VOLUME,-0.01193030
2024-03-22,NQ_FRONT_CALENDAR_2D,0.12668349
2024-03-22,RTY_FRONT_CALENDAR_2D,0.15254657
2024-03-22,SR3_FRONT_CALENDAR,-0.01876107
2024-03-22,UB_FRONT_VOLUME,0.00941854
2024-03-22,ZF_FRONT_VOLUME,0.01114999
2024-03-22,ZN_FRONT_VOLUME,-0.04341485
2024-03-22,ZT_FRONT_VOLUME,0.19982700
2024-03-29,6B_FRONT_CALENDAR,-0.28514709
2024-03-29,6E_FRONT_CALENDAR,-0.76986229
2024-03-29,6J_FRONT_CALENDAR,-0.60495408
2024-03-29,CL_FRONT_VOLUME,-0.05062218
2024-03-29,ES_FRONT_CALENDAR_2D,0.34606954
2024-03-29,GC_FRONT_VOLUME,-0.03809446
2024-03-29,NQ_FRONT_CALENDAR_2D,0.16550139
2024-03-29,RTY_FRONT_CALENDAR_2D,0.31679674
2024-03-29,SR3_FRONT_CALENDAR,-0.09665746
2024-03-29,UB_FRONT_VOLUME,0.04495318
2024-03-29,ZF_FRONT_VOLUME,-0.01631084
2024-03-29,ZN_FRONT_VOLUME,-0.11080750
2024-03-29,ZT_FRONT_VOLUME,0.36546348
2024-04-05,6B_FRONT_CALENDAR,-0.23583518
2024-04-05,6E_FRONT_CALENDAR,-0.51254258
2024-04-05,6J_FRONT_CALENDAR,-0.44125081
2024-04-05,CL_FRONT_VOLUME,0.00915196
2024-04-05,ES_FRONT_CALENDAR_2D,0.21405288
2024-04-05,GC_FRONT_VOLUME,0.04684527
2024-04-05,NQ_FRONT_CALENDAR_2D,0.08839432
2024-04-05,RTY_FRONT_CALENDAR_2D,0.20453665
2024-04-05,SR3_FRONT_CALENDAR,-0.05296109
2024-04-05,UB_FRONT_VOLUME,0.01819055
2024-04-05,ZF_FRONT_VOLUME,-0.06565524
2024-04-05,ZN_FRONT_VOLUME,-0.08435892
2024-04-05,ZT_FRONT_VOLUME,0.16267836
2024-04-12,6B_FRONT_CALENDAR,-0.37333113
2024-04-12,6E_FRONT_CALENDAR,-0.70396455
2024-04-12,6J_FRONT_CALENDAR,-0.63114028
2024-04-12,CL_FRONT_VOLUME,0.05085005
2024-04-12,ES_FRONT_CALENDAR_2D,0.25950730
2024-04-12,GC_FRONT_VOLUME,0.11889388
2024-04-12,NQ_FRONT_CALENDAR_2D,0.09423924
2024-04-12,RTY_FRONT_CALENDAR_2D,0.26399640
2024-04-12,SR3_FRONT_CALENDAR,0.02742627
2024-04-12,UB_FRONT_VOLUME,0.01421868
2024-04-12,ZF_FRONT_VOLUME,-0.11367234
2024-04-12,ZN_FRONT_VOLUME,-0.13172672
2024-04-12,ZT_FRONT_VOLUME,0.18383003
2024-04-19,6B_FRONT_CALENDAR,-0.31081334
2024-04-19,6E_FRONT_CALENDAR,-0.51940050
2024-04-19,6J_FRONT_CALENDAR,-0.48076769
2024-04-19,CL_FRONT_VOLUME,0.06137187
2024-04-19,ES_FRONT_CALENDAR_2D,0.16559514
2024-04-19,GC_FRONT_VOLUME,0.14540133
2024-04-19,NQ_FRONT_CALENDAR_2D,0.03040286
2024-04-19,RTY_FRONT_CALENDAR_2D,0.18811051
2024-04-19,SR3_FRONT_CALENDAR,0.12778055
2024-04-19,UB_FRONT_VOLUME,0.00220780
2024-04-19,ZF_FRONT_VOLUME,-0.11647987
2024-04-19,ZN_FRONT_VOLUME,-0.12100071
2024-04-19,ZT_FRONT_VOLUME,0.09262749
2024-04-26,6B_FRONT_CALENDAR,-0.42204802
2024-04-26,6E_FRONT_CALENDAR,-0.63555330
2024-04-26,6J_FRONT_CALENDAR,-0.57210800
2024-04-26,CL_FRONT_VOLUME,0.10747101
2024-04-26,ES_FRONT_CALENDAR_2D,0.17978079
2024-04-26,GC_FRONT_VOLUME,0.24175311
2024-04-26,NQ_FRONT_CALENDAR_2D,0.00517148
2024-04-26,RTY_FRONT_CALENDAR_2D,0.23363946
2024-04-26,SR3_FRONT_CALENDAR,0.22996624
2024-04-26,UB_FRONT_VOLUME,-0.01695099
2024-04-26,ZF_FRONT_VOLUME,-0.20258118
2024-04-26,ZN_FRONT_VOLUME,-0.19186498
2024-04-26,ZT_FRONT_VOLUME,0.05524457
2024-05-03,6B_FRONT_CALENDAR,-0.40075445
2024-05-03,6E_FRONT_CALENDAR,-0.52058605
2024-05-03,6J_FRONT_CALENDAR,-0.36789252
2024-05-03,CL_FRONT_VOLUME,0.10393810
2024-05-03,ES_FRONT_CALENDAR_2D,0.12276438
2024-05-03,GC_FRONT_VOLUME,0.26321749
2024-05-03,NQ_FRONT_CALENDAR_2D,-0.05212540
2024-05-03,RTY_FRONT_CALENDAR_2D,0.19096636
2024-05-03,SR3_FRONT_CALENDAR,0.16224532
2024-05-03,UB_FRONT_VOLUME,-0.02207284
2024-05-03,ZF_FRONT_VOLUME,-0.18688185
2024-05-03,ZN_FRONT_VOLUME,-0.17686233
2024-05-03,ZT_FRONT_VOLUME,0.03853654
2024-05-10,6B_FRONT_CALENDAR,-0.46511145
2024-05-10,6E_FRONT_CALENDAR,-0.56330033
2024-05-10,6J_FRONT_CALENDAR,-0.36323153
2024-05-10,CL_FRONT_VOLUME,0.10983167
2024-05-10,ES_FRONT_CALENDAR_2D,0.11425638
2024-05-10,GC_FRONT_VOLUME,0.32020408
2024-05-10,NQ_FRONT_CALENDAR_2D,-0.08456414
2024-05-10,RTY_FRONT_CALENDAR_2D,0.20317236
2024-05-10,SR3_FRONT_CALENDAR,0.29809798
2024-05-10,UB_FRONT_VOLUME,-0.04797449
2024-05-10,ZF_FRONT_VOLUME,-0.20373653
2024-05-10,ZN_FRONT_VOLUME,-0.19660977
2024-05-10,ZT_FRONT_VOLUME,0.03970027
2024-05-17,6B_FRONT_CALENDAR,-0.44384578
2024-05-17,6E_FRONT_CALENDAR,-0.43406575
2024-05-17,6J_FRONT_CALENDAR,-0.31153753
2024-05-17,CL_FRONT_VOLUME,0.08272023
2024-05-17,ES_FRONT_CALENDAR_2D,0.11403068
2024-05-17,GC_FRONT_VOLUME,0.34939851
2024-05-17,NQ_FRONT_CALENDAR_2D,-0.09612683
2024-05-17,RTY_FRONT_CALENDAR_2D,0.16736577
2024-05-17,SR3_FRONT_CALENDAR,0.26653005
2024-05-17,UB_FRONT_VOLUME,-0.06519395
2024-05-17,ZF_FRONT_VOLUME,-0.18232857
2024-05-17,ZN_FRONT_VOLUME,-0.18075174
2024-05-17,ZT_FRONT_VOLUME,0.03411449
2024-05-24,6B_FRONT_CALENDAR,-0.38093476
2024-05-24,6E_FRONT_CALENDAR,-0.35922239
2024-05-24,6J_FRONT_CALENDAR,-0.37752341
2024-05-24,CL_FRONT_VOLUME,0.05663635
2024-05-24,ES_FRONT_CALENDAR_2D,0.13256611
2024-05-24,GC_FRONT_VOLUME,0.35705041
2024-05-24,NQ_FRONT_CALENDAR_2D,-0.07921613
2024-05-24,RTY_FRONT_CALENDAR_2D,0.15995282
2024-05-24,SR3_FRONT_CALENDAR,0.31284706
2024-05-24,UB_FRONT_VOLUME,-0.04913860
2024-05-24,ZF_FRONT_VOLUME,-0.19800120
2024-05-24,ZN_FRONT_VOLUME,-0.17624381
2024-05-24,ZT_FRONT_VOLUME,-0.06845240
2024-05-31,6B_FRONT_CALENDAR,-0.29630277
2024-05-31,6E_FRONT_CALENDAR,-0.29448335
2024-05-31,6J_FRONT_CALENDAR,-0.40778714
2024-05-31,CL_FRONT_VOLUME,-0.01289760
2024-05-31,ES_FRONT_CALENDAR_2D,0.14312764
2024-05-31,GC_FRONT_VOLUME,0.37699695
2024-05-31,NQ_FRONT_CALENDAR_2D,-0.08695488
2024-05-31,RTY_FRONT_CALENDAR_2D,0.17400860
2024-05-31,SR3_FRONT_CALENDAR,0.34558448
2024-05-31,UB_FRONT_VOLUME,-0.04188116
2024-05-31,ZF_FRONT_VOLUME,-0.20450558
2024-05-31,ZN_FRONT_VOLUME,-0.18865879
2024-05-31,ZT_FRONT_VOLUME,-0.02425978
2024-06-07,6B_FRONT_CALENDAR,-0.28630913
2024-06-07,6E_FRONT_CALENDAR,-0.36642362
2024-06-07,6J_FRONT_CALENDAR,-0.46415265
2024-06-07,CL_FRONT_VOLUME,-0.07047053
2024-06-07,ES_FRONT_CALENDAR_2D,0.16556675
2024-06-07,GC_FRONT_VOLUME,0.37877364
2024-06-07,NQ_FRONT_CALENDAR_2D,-0.07294025
2024-06-07,RTY_FRONT_CALENDAR_2D,0.18705832
2024-06-07,SR3_FRONT_CALENDAR,0.37329624
2024-06-07,UB_FRONT_VOLUME,-0.01405751
2024-06-07,ZF_FRONT_VOLUME,-0.15633437
2024-06-07,ZN_FRONT_VOLUME,-0.14249983
2024-06-07,ZT_FRONT_VOLUME,0.05172326
2024-06-14,6B_FRONT_CALENDAR,-0.28956015
2024-06-14,6E_FRONT_CALENDAR,-0.44495344
2024-06-14,6J_FRONT_CALENDAR,-0.49834983
2024-06-14,CL_FRONT_VOLUME,-0.08952459
2024-06-14,ES_FRONT_CALENDAR_2D,0.15759168
2024-06-14,GC_FRONT_VOLUME,0.36111108
2024-06-14,NQ_FRONT_CALENDAR_2D,-0.06333511
2024-06-14,RTY_FRONT_CALENDAR_2D,0.17617965
2024-06-14,SR3_FRONT_CALENDAR,0.32912827
2024-06-14,UB_FRONT_VOLUME,0.01759069
2024-06-14,ZF_FRONT_VOLUME,-0.07512381
2024-06-14,ZN_FRONT_VOLUME,-0.05675975
2024-06-14,ZT_FRONT_VOLUME,0.13707544
2024-06-21,6B_FRONT_CALENDAR,-0.32076764
2024-06-21,6E_FRONT_CALENDAR,-0.54551585
2024-06-21,6J_FRONT_CALENDAR,-0.54471500
2024-06-21,CL_FRONT_VOLUME,-0.09929007
2024-06-21,ES_FRONT_CALENDAR_2D,0.17418543
2024-06-21,GC_FRONT_VOLUME,0.35326345
2024-06-21,NQ_FRONT_CALENDAR_2D,-0.04684546
2024-06-21,RTY_FRONT_CALENDAR_2D,0.17769581
2024-06-21,SR3_FRONT_CALENDAR,0.26119325
2024-06-21,UB_FRONT_VOLUME,0.04829203
2024-06-21,ZF_FRONT_VOLUME,-0.02303315
2024-06-21,ZN_FRONT_VOLUME,0.01674620
2024-06-21,ZT_FRONT_VOLUME,0.19214669
2024-06-28,6B_FRONT_CALENDAR,-0.33913123
2024-06-28,6E_FRONT_CALENDAR,-0.59238949
2024-06-28,6J_FRONT_CALENDAR,-0.55944716
2024-06-28,CL_FRONT_VOLUME,-0.11190862
2024-06-28,ES_FRONT_CALENDAR_2D,0.20042631
2024-06-28,GC_FRONT_VOLUME,0.32346001
2024-06-28,NQ_FRONT_CALENDAR_2D,-0.01977601
2024-06-28,RTY_FRONT_CALENDAR_2D,0.15915705
2024-06-28,SR3_FRONT_CALENDAR,0.18921286
2024-06-28,UB_FRONT_VOLUME,0.06661384
2024-06-28,ZF_FRONT_VOLUME,0.04694256
2024-06-28,ZN_FRONT_VOLUME,0.06730573
2024-06-28,ZT_FRONT_VOLUME,0.25171641
2024-07-05,6B_FRONT_CALENDAR,-0.35427267
2024-07-05,6E_FRONT_CALENDAR,-0.60147061
2024-07-05,6J_FRONT_CALENDAR,-0.62208723
2024-07-05,CL_FRONT_VOLUME,-0.10794587
2024-07-05,ES_FRONT_CALENDAR_2D,0.23718113
2024-07-05,GC_FRONT_VOLUME,0.29209303
2024-07-05,NQ_FRONT_CALENDAR_2D,0.03107770
2024-07-05,RTY_FRONT_CALENDAR_2D,0.12973398
2024-07-05,SR3_FRONT_CALENDAR,0.12358065
2024-07-05,UB_FRONT_VOLUME,0.07214484
2024-07-05,ZF_FRONT_VOLUME,0.09257898
2024-07-05,ZN_FRONT_VOLUME,0.11044214
2024-07-05,ZT_FRONT_VOLUME,0.27631037
2024-07-12,6B_FRONT_CALENDAR,-0.32469143
2024-07-12,6E_FRONT_CALENDAR,-0.55243893
2024-07-12,6J_FRONT_CALENDAR,-0.58972554
2024-07-12,CL_FRONT_VOLUME,-0.11299466
2024-07-12,ES_FRONT_CALENDAR_2D,0.24893176
2024-07-12,GC_FRONT_VOLUME,0.24268245
2024-07-12,NQ_FRONT_CALENDAR_2D,0.05446708
2024-07-12,RTY_FRONT_CALENDAR_2D,0.10769459
2024-07-12,SR3_FRONT_CALENDAR,-0.01528903
2024-07-12,UB_FRONT_VOLUME,0.07368152
2024-07-12,ZF_FRONT_VOLUME,0.14796493
2024-07-12,ZN_FRONT_VOLUME,0.15114629
2024-07-12,ZT_FRONT_VOLUME,0.30766970
2024-07-19,6B_FRONT_CALENDAR,-0.30562360
2024-07-19,6E_FRONT_CALENDAR,-0.52690320
2024-07-19,6J_FRONT_CALENDAR,-0.63965969
2024-07-19,CL_FRONT_VOLUME,-0.15550785
2024-07-19,ES_FRONT_CALENDAR_2D,0.27200087
2024-07-19,GC_FRONT_VOLUME,0.24578014
2024-07-19,NQ_FRONT_CALENDAR_2D,0.03699318
2024-07-19,RTY_FRONT_CALENDAR_2D,0.12608224
2024-07-19,SR3_FRONT_CALENDAR,-0.12947577
2024-07-19,UB_FRONT_VOLUME,0.09732284
2024-07-19,ZF_FRONT_VOLUME,0.22019357
2024-07-19,ZN_FRONT_VOLUME,0.21811558
2024-07-19,ZT_FRONT_VOLUME,0.38323366
2024-07-26,6B_FRONT_CALENDAR,-0.19518981
2024-07-26,6E_FRONT_CALENDAR,-0.34720639
2024-07-26,6J_FRONT_CALENDAR,-0.42739799
2024-07-26,CL_FRONT_VOLUME,-0.14227314
2024-07-26,ES_FRONT_CALENDAR_2D,0.18009835
2024-07-26,GC_FRONT_VOLUME,0.16653419
2024-07-26,NQ_FRONT_CALENDAR_2D,-0.01058065
2024-07-26,RTY_FRONT_CALENDAR_2D,0.10566235
2024-07-26,SR3_FRONT_CALENDAR,-0.16562601
2024-07-26,UB_FRONT_VOLUME,0.07308536
2024-07-26,ZF_FRONT_VOLUME,0.23321756
2024-07-26,ZN_FRONT_VOLUME,0.21624316
2024-07-26,ZT_FRONT_VOLUME,0.34903138
2024-08-02,6B_FRONT_CALENDAR,-0.24513821
2024-08-02,6E_FRONT_CALENDAR,-0.38125899
2024-08-02,6J_FRONT_CALENDAR,-0.44783339
2024-08-02,CL_FRONT_VOLUME,-0.19689934
2024-08-02,ES_FRONT_CALENDAR_2D,0.16469900
2024-08-02,GC_FRONT_VOLUME,0.19338752
2024-08-02,NQ_FRONT_CALENDAR_2D,-0.06064646
2024-08-02,RTY_FRONT_CALENDAR_2D,0.13571500
2024-08-02,SR3_FRONT_CALENDAR,-0.22691528
2024-08-02,UB_FRONT_VOLUME,0.11328677
2024-08-02,ZF_FRONT_VOLUME,0.36105803
2024-08-02,ZN_FRONT_VOLUME,0.33244590
2024-08-02,ZT_FRONT_VOLUME,0.47585226
2024-08-09,6B_FRONT_CALENDAR,-0.20013350
2024-08-09,6E_FRONT_CALENDAR,-0.23032343
2024-08-09,6J_FRONT_CALENDAR,-0.24284536
2024-08-09,CL_FRONT_VOLUME,-0.15879072
2024-08-09,ES_FRONT_CALENDAR_2D,0.07258910
2024-08-09,GC_FRONT_VOLUME,0.13600381
2024-08-09,NQ_FRONT_CALENDAR_2D,-0.08249462
2024-08-09,RTY_FRONT_CALENDAR_2D,0.08936470
2024-08-09,SR3_FRONT_CALENDAR,-0.21454744
2024-08-09,UB_FRONT_VOLUME,0.10704921
2024-08-09,ZF_FRONT_VOLUME,0.33295493
2024-08-09,ZN_FRONT_VOLUME,0.31160763
2024-08-09,ZT_FRONT_VOLUME,0.39333139
2024-08-16,6B_FRONT_CALENDAR,-0.20693105
2024-08-16,6E_FRONT_CALENDAR,-0.15592111
2024-08-16,6J_FRONT_CALENDAR,-0.16840825
2024-08-16,CL_FRONT_VOLUME,-0.18663006
2024-08-16,ES_FRONT_CALENDAR_2D,0.03383478
2024-08-16,GC_FRONT_VOLUME,0.13436999
2024-08-16,NQ_FRONT_CALENDAR_2D,-0.12125380
2024-08-16,RTY_FRONT_CALENDAR_2D,0.08032596
2024-08-16,SR3_FRONT_CALENDAR,-0.29538599
2024-08-16,UB_FRONT_VOLUME,0.14320491
2024-08-16,ZF_FRONT_VOLUME,0.40428441
2024-08-16,ZN_FRONT_VOLUME,0.38960464
2024-08-16,ZT_FRONT_VOLUME,0.44364163
2024-08-23,6B_FRONT_CALENDAR,-0.15774269
2024-08-23,6E_FRONT_CALENDAR,-0.03141414
2024-08-23,6J_FRONT_CALENDAR,-0.05470701
2024-08-23,CL_FRONT_VOLUME,-0.17328450
2024-08-23,ES_FRONT_CALENDAR_2D,-0.01027963
2024-08-23,GC_FRONT_VOLUME,0.11350181
2024-08-23,NQ_FRONT_CALENDAR_2D,-0.13827706
2024-08-23,RTY_FRONT_CALENDAR_2D,0.05845550
2024-08-23,SR3_FRONT_CALENDAR,-0.35070953
2024-08-23,UB_FRONT_VOLUME,0.14670800
2024-08-23,ZF_FRONT_VOLUME,0.37408249
2024-08-23,ZN_FRONT_VOLUME,0.37722468
2024-08-23,ZT_FRONT_VOLUME,0.37869502
2024-08-30,6B_FRONT_CALENDAR,-0.11963904
2024-08-30,6E_FRONT_CALENDAR,0.03920925
2024-08-30,6J_FRONT_CALENDAR,0.02611849
2024-08-30,CL_FRONT_VOLUME,-0.18334246
2024-08-30,ES_FRONT_CALENDAR_2D,-0.04896810
2024-08-30,GC_FRONT_VOLUME,0.10621313
2024-08-30,NQ_FRONT_CALENDAR_2D,-0.17163500
2024-08-30,RTY_FRONT_CALENDAR_2D,0.04507153
2024-08-30,SR3_FRONT_CALENDAR,-0.43249801
2024-08-30,UB_FRONT_VOLUME,0.16170140
2024-08-30,ZF_FRONT_VOLUME,0.42638528
2024-08-30,ZN_FRONT_VOLUME,0.42362366
2024-08-30,ZT_FRONT_VOLUME,0.40453666
2024-09-06,6B_FRONT_CALENDAR,-0.02362631
2024-09-06,6E_FRONT_CALENDAR,0.08888567
2024-09-06,6J_FRONT_CALENDAR,0.08643331
2024-09-06,CL_FRONT_VOLUME,-0.15282006
2024-09-06,ES_FRONT_CALENDAR_2D,-0.09804971
2024-09-06,GC_FRONT_VOLUME,0.07351322
2024-09-06,NQ_FRONT_CALENDAR_2D,-0.16586051
2024-09-06,RTY_FRONT_CALENDAR_2D,0.02628322
2024-09-06,SR3_FRONT_CALENDAR,-0.35205929
2024-09-06,UB_FRONT_VOLUME,0.14770489
2024-09-06,ZF_FRONT_VOLUME,0.37421447
2024-09-06,ZN_FRONT_VOLUME,0.37129893
2024-09-06,ZT_FRONT_VOLUME,0.33588228
2024-09-13,6B_FRONT_CALENDAR,0.02856150
2024-09-13,6E_FRONT_CALENDAR,0.09735803
2024-09-13,6J_FRONT_CALENDAR,0.12975016
2024-09-13,CL_FRONT_VOLUME,-0.14204220
2024-09-13,ES_FRONT_CALENDAR_2D,-0.10670605
2024-09-13,GC_FRONT_VOLUME,0.06131316
2024-09-13,NQ_FRONT_CALENDAR_2D,-0.15904653
2024-09-13,RTY_FRONT_CALENDAR_2D,0.00738592
2024-09-13,SR3_FRONT_CALENDAR,-0.35615670
2024-09-13,UB_FRONT_VOLUME,0.14456491
2024-09-13,ZF_FRONT_VOLUME,0.35298711
2024-09-13,ZN_FRONT_VOLUME,0.35854425
2024-09-13,ZT_FRONT_VOLUME,0.31228278
2024-09-20,6B_FRONT_CALENDAR,0.10181224
2024-09-20,6E_FRONT_CALENDAR,0.13899915
2024-09-20,6J_FRONT_CALENDAR,0.14618153
2024-09-20,CL_FRONT_VOLUME,-0.13611960
2024-09-20,ES_FRONT_CALENDAR_2D,-0.11511278
2024-09-20,GC_FRONT_VOLUME,0.05760024
2024-09-20,NQ_FRONT_CALENDAR_2D,-0.16391192
2024-09-20,RTY_FRONT_CALENDAR_2D,-0.01944556
2024-09-20,SR3_FRONT_CALENDAR,-0.22182239
2024-09-20,UB_FRONT_VOLUME,0.12058936
2024-09-20,ZF_FRONT_VOLUME,0.31747562
2024-09-20,ZN_FRONT_VOLUME,0.32694634
2024-09-20,ZT_FRONT_VOLUME,0.29108695
2024-09-27,6B_FRONT_CALENDAR,0.13470187
2024-09-27,6E_FRONT_CALENDAR,0.14558401
2024-09-27,6J_FRONT_CALENDAR,0.15961646
2024-09-27,CL_FRONT_VOLUME,-0.15121858
2024-09-27,ES_FRONT_CALENDAR_2D,-0.13214155
2024-09-27,GC_FRONT_VOLUME,0.07673831
2024-09-27,NQ_FRONT_CALENDAR_2D,-0.17488352
2024-09-27,RTY_FRONT_CALENDAR_2D,-0.02612163
2024-09-27,SR3_FRONT_CALENDAR,-0.13677219
2024-09-27,UB_FRONT_VOLUME,0.10183355
2024-09-27,ZF_FRONT_VOLUME,0.31973996
2024-09-27,ZN_FRONT_VOLUME,0.31670299
2024-09-27,ZT_FRONT_VOLUME,0.33465671
2024-10-04,6B_FRONT_CALENDAR,0.13684673
2024-10-04,6E_FRONT_CALENDAR,0.08473657
2024-10-04,6J_FRONT_CALENDAR,0.17033526
2024-10-04,CL_FRONT_VOLUME,-0.15147287
2024-10-04,ES_FRONT_CALENDAR_2D,-0.13880454
2024-10-04,GC_FRONT_VOLUME,0.14780848
2024-10-04,NQ_FRONT_CALENDAR_2D,-0.19194392
2024-10-04,RTY_FRONT_CALENDAR_2D,-0.01878473
2024-10-04,SR3_FRONT_CALENDAR,0.01689715
2024-10-04,UB_FRONT_VOLUME,0.06830406
2024-10-04,ZF_FRONT_VOLUME,0.25193498
2024-10-04,ZN_FRONT_VOLUME,0.24104147
2024-10-04,ZT_FRONT_VOLUME,0.30389449
2024-10-11,6B_FRONT_CALENDAR,0.14664280
2024-10-11,6E_FRONT_CALENDAR,0.01955422
2024-10-11,6J_FRONT_CALENDAR,0.19358200
2024-10-11,CL_FRONT_VOLUME,-0.14950754
2024-10-11,ES_FRONT_CALENDAR_2D,-0.13783370
2024-10-11,GC_FRONT_VOLUME,0.21280393
2024-10-11,NQ_FRONT_CALENDAR_2D,-0.20147327
2024-10-11,RTY_FRONT_CALENDAR_2D,-0.01429921
2024-10-11,SR3_FRONT_CALENDAR,0.13693318
2024-10-11,UB_FRONT_VOLUME,0.01870911
2024-10-11,ZF_FRONT_VOLUME,0.19648534
2024-10-11,ZN_FRONT_VOLUME,0.16351959
2024-10-11,ZT_FRONT_VOLUME,0.28453661
2024-10-18,6B_FRONT_CALENDAR,0.16162207
2024-10-18,6E_FRONT_CALENDAR,-0.08053665
2024-10-18,6J_FRONT_CALENDAR,0.21665032
2024-10-18,CL_FRONT_VOLUME,-0.16533246
2024-10-18,ES_FRONT_CALENDAR_2D,-0.10710193
2024-10-18,GC_FRONT_VOLUME,0.31383451
2024-10-18,NQ_FRONT_CALENDAR_2D,-0.19965349
2024-10-18,RTY_FRONT_CALENDAR_2D,0.00063447
2024-10-18,SR3_FRONT_CALENDAR,0.07111775
2024-10-18,UB_FRONT_VOLUME,-0.02021224
2024-10-18,ZF_FRONT_VOLUME,0.15653107
2024-10-18,ZN_FRONT_VOLUME,0.12202701
2024-10-18,ZT_FRONT_VOLUME,0.26945093
2024-10-25,6B_FRONT_CALENDAR,0.16017075
2024-10-25,6E_FRONT_CALENDAR,-0.19665066
2024-10-25,6J_FRONT_CALENDAR,0.26942922
2024-10-25,CL_FRONT_VOLUME,-0.19611384
2024-10-25,ES_FRONT_CALENDAR_2D,-0.09400555
2024-10-25,GC_FRONT_VOLUME,0.45851993
2024-10-25,NQ_FRONT_CALENDAR_2D,-0.21802207
2024-10-25,RTY_FRONT_CALENDAR_2D,0.00852122
2024-10-25,SR3_FRONT_CALENDAR,0.06455380
2024-10-25,UB_FRONT_VOLUME,-0.06274156
2024-10-25,ZF_FRONT_VOLUME,0.13527979
2024-10-25,ZN_FRONT_VOLUME,0.07152339
2024-10-25,ZT_FRONT_VOLUME,0.29104099
2024-11-01,6B_FRONT_CALENDAR,0.10917915
2024-11-01,6E_FRONT_CALENDAR,-0.20527666
2024-11-01,6J_FRONT_CALENDAR,0.24960771
2024-11-01,CL_FRONT_VOLUME,-0.17466396
2024-11-01,ES_FRONT_CALENDAR_2D,-0.08013585
2024-11-01,GC_FRONT_VOLUME,0.45851171
2024-11-01,NQ_FRONT_CALENDAR_2D,-0.18772123
2024-11-01,RTY_FRONT_CALENDAR_2D,0.02379504
2024-11-01,SR3_FRONT_CALENDAR,0.17322316
2024-11-01,UB_FRONT_VOLUME,-0.08950296
2024-11-01,ZF_FRONT_VOLUME,0.04882800
2024-11-01,ZN_FRONT_VOLUME,-0.01604788
2024-11-01,ZT_FRONT_VOLUME,0.21254319
2024-11-08,6B_FRONT_CALENDAR,0.08770691
2024-11-08,6E_FRONT_CALENDAR,-0.32317053
2024-11-08,6J_FRONT_CALENDAR,0.32346310
2024-11-08,CL_FRONT_VOLUME,-0.21905959
2024-11-08,ES_FRONT_CALENDAR_2D,-0.08073896
2024-11-08,GC_FRONT_VOLUME,0.59617147
2024-11-08,NQ_FRONT_CALENDAR_2D,-0.21507080
2024-11-08,RTY_FRONT_CALENDAR_2D,0.04093449
2024-11-08,SR3_FRONT_CALENDAR,0.33393332
2024-11-08,UB_FRONT_VOLUME,-0.12845593
2024-11-08,ZF_FRONT_VOLUME,-0.00592942
2024-11-08,ZN_FRONT_VOLUME,-0.08459686
2024-11-08,ZT_FRONT_VOLUME,0.21198879
2024-11-15,6B_FRONT_CALENDAR,0.00129322
2024-11-15,6E_FRONT_CALENDAR,-0.30586502
2024-11-15,6J_FRONT_CALENDAR,0.24827067
2024-11-15,CL_FRONT_VOLUME,-0.16092729
2024-11-15,ES_FRONT_CALENDAR_2D,-0.03730505
2024-11-15,GC_FRONT_VOLUME,0.42741671
2024-11-15,NQ_FRONT_CALENDAR_2D,-0.13791289
2024-11-15,RTY_FRONT_CALENDAR_2D,0.05617222
2024-11-15,SR3_FRONT_CALENDAR,0.35574586
2024-11-15,UB_FRONT_VOLUME,-0.11252933
2024-11-15,ZF_FRONT_VOLUME,-0.05904895
2024-11-15,ZN_FRONT_VOLUME,-0.12336762
2024-11-15,ZT_FRONT_VOLUME,0.12245961
2024-11-22,6B_FRONT_CALENDAR,-0.06247029
2024-11-22,6E_FRONT_CALENDAR,-0.46976012
2024-11-22,6J_FRONT_CALENDAR,0.33013839
2024-11-22,CL_FRONT_VOLUME,-0.21154246
2024-11-22,ES_FRONT_CALENDAR_2D,-0.00513689
2024-11-22,GC_FRONT_VOLUME,0.57200838
2024-11-22,NQ_FRONT_CALENDAR_2D,-0.15446788
2024-11-22,RTY_FRONT_CALENDAR_2D,0.08773071
2024-11-22,SR3_FRONT_CALENDAR,0.57881042
2024-11-22,UB_FRONT_VOLUME,-0.16921701
2024-11-22,ZF_FRONT_VOLUME,-0.13507100
2024-11-22,ZN_FRONT_VOLUME,-0.21237122
2024-11-22,ZT_FRONT_VOLUME,0.11389671
2024-11-29,6B_FRONT_CALENDAR,-0.13311792
2024-11-29,6E_FRONT_CALENDAR,-0.45282185
2024-11-29,6J_FRONT_CALENDAR,0.27478358
2024-11-29,CL_FRONT_VOLUME,-0.17447479
2024-11-29,ES_FRONT_CALENDAR_2D,0.04873913
2024-11-29,GC_FRONT_VOLUME,0.44001783
2024-11-29,NQ_FRONT_CALENDAR_2D,-0.09826450
2024-11-29,RTY_FRONT_CALENDAR_2D,0.09234273
2024-11-29,SR3_FRONT_CALENDAR,0.57221677
2024-11-29,UB_FRONT_VOLUME,-0.13980244
2024-11-29,ZF_FRONT_VOLUME,-0.15474019
2024-11-29,ZN_FRONT_VOLUME,-0.20919254
2024-11-29,ZT_FRONT_VOLUME,0.04790096
2024-12-06,6B_FRONT_CALENDAR,-0.24162712
2024-12-06,6E_FRONT_CALENDAR,-0.58654625
2024-12-06,6J_FRONT_CALENDAR,0.30702510
2024-12-06,CL_FRONT_VOLUME,-0.20160703
2024-12-06,ES_FRONT_CALENDAR_2D,0.10771961
2024-12-06,GC_FRONT_VOLUME,0.43325200
2024-12-06,NQ_FRONT_CALENDAR_2D,-0.07269453
2024-12-06,RTY_FRONT_CALENDAR_2D,0.13460962
2024-12-06,SR3_FRONT_CALENDAR,0.71136257
2024-12-06,UB_FRONT_VOLUME,-0.14301963
2024-12-06,ZF_FRONT_VOLUME,-0.18832612
2024-12-06,ZN_FRONT_VOLUME,-0.22571711
2024-12-06,ZT_FRONT_VOLUME,0.02873766
2024-12-13,6B_FRONT_CALENDAR,-0.27243308
2024-12-13,6E_FRONT_CALENDAR,-0.52996004
2024-12-13,6J_FRONT_CALENDAR,0.22843727
2024-12-13,CL_FRONT_VOLUME,-0.15504886
2024-12-13,ES_FRONT_CALENDAR_2D,0.11368237
2024-12-13,GC_FRONT_VOLUME,0.31002160
2024-12-13,NQ_FRONT_CALENDAR_2D,-0.02395899
2024-12-13,RTY_FRONT_CALENDAR_2D,0.13922004
2024-12-13,SR3_FRONT_CALENDAR,0.66875308
2024-12-13,UB_FRONT_VOLUME,-0.13097723
2024-12-13,ZF_FRONT_VOLUME,-0.18727582
2024-12-13,ZN_FRONT_VOLUME,-0.21188270
2024-12-13,ZT_FRONT_VOLUME,-0.00133016
2024-12-20,6B_FRONT_CALENDAR,-0.35727512
2024-12-20,6E_FRONT_CALENDAR,-0.59373232
2024-12-20,6J_FRONT_CALENDAR,0.22751949
2024-12-20,CL_FRONT_VOLUME,-0.15434219
2024-12-20,ES_FRONT_CALENDAR_2D,0.09835836
2024-12-20,GC_FRONT_VOLUME,0.27757670
2024-12-20,NQ_FRONT_CALENDAR_2D,-0.01078337
2024-12-20,RTY_FRONT_CALENDAR_2D,0.21363274
2024-12-20,SR3_FRONT_CALENDAR,0.81923720
2024-12-20,UB_FRONT_VOLUME,-0.15789431
2024-12-20,ZF_FRONT_VOLUME,-0.23697645
2024-12-20,ZN_FRONT_VOLUME,-0.26487875
2024-12-20,ZT_FRONT_VOLUME,-0.02058411
2024-12-27,6B_FRONT_CALENDAR,-0.33126786
2024-12-27,6E_FRONT_CALENDAR,-0.49213344
2024-12-27,6J_FRONT_CALENDAR,0.16060508
2024-12-27,CL_FRONT_VOLUME,-0.10541837
2024-12-27,ES_FRONT_CALENDAR_2D,0.08898509
2024-12-27,GC_FRONT_VOLUME,0.17722615
2024-12-27,NQ_FRONT_CALENDAR_2D,0.02939981
2024-12-27,RTY_FRONT_CALENDAR_2D,0.19186475
2024-12-27,SR3_FRONT_CALENDAR,0.73420128
2024-12-27,UB_FRONT_VOLUME,-0.15913744
2024-12-27,ZF_FRONT_VOLUME,-0.22451791
2024-12-27,ZN_FRONT_VOLUME,-0.27492352
2024-12-27,ZT_FRONT_VOLUME,-0.00403750
